region,location
arab,عمان
arab,المملكة العربية السعودية
arab,الإمارات العربية المتحدة
arab,موريتانيا
arab,موريتانيا
arab,مصر
arab,مصر
arab,السودان
arab,الأردن
arab,الجزائر
arab,مصر
arab,سوريا
arab,المملكة العربية السعودية
arab,الأردن
arab,البحرين
arab,عمان
arab,العراق
arab,العراق
arab,الجزائر
arab,فلسطين
arab,ليبيا
arab,اليمن
arab,العراق
arab,سوريا
arab,سوريا
arab,المملكة العربية السعودية
arab,المغرب
arab,الجزائر
arab,فلسطين
arab,المملكة العربية السعودية
arab,الجزائر
arab,السودان
arab,ليبيا
arab,المملكة العربية السعودية
arab,مصر
arab,المملكة العربية السعودية
arab,اليمن
arab,المملكة العربية السعودية
arab,سوريا
arab,المغرب
arab,العراق
arab,عمان
arab,مصر
arab,المملكة العربية السعودية
arab,المملكة العربية السعودية
arab,السودان
arab,الجزائر
arab,فلسطين
arab,ليبيا
arab,المغرب
arab,المغرب
arab,السودان
arab,لبنان
arab,المملكة العربية السعودية
arab,عمان
arab,السودان
arab,المملكة العربية السعودية
arab,المملكة العربية السعودية
arab,قطر
arab,العراق
arab,السودان
arab,العراق
arab,المغرب
arab,المغرب
arab,المملكة العربية السعودية
arab,عمان
arab,سوريا
arab,العراق
arab,البحرين
arab,سوريا
arab,العراق
arab,الأردن
arab,فلسطين
arab,المملكة العربية السعودية
arab,الإمارات العربية المتحدة
arab,المملكة العربية السعودية
arab,ليبيا
arab,الأردن
arab,مصر
arab,المملكة العربية السعودية
arab,المغرب
arab,سوريا
arab,الأردن
arab,المملكة العربية السعودية
arab,العراق
arab,العراق
arab,سوريا
arab,مصر
arab,عمان
arab,عمان
arab,عمان
arab,الإمارات العربية المتحدة
arab,العراق
arab,اليمن
arab,الجزائر
arab,لبنان
arab,المغرب
arab,السودان
arab,المملكة العربية السعودية
arab,المملكة العربية السعودية
arab,موريتانيا
arab,المملكة العربية السعودية
arab,المغرب
arab,مصر
arab,ليبيا
arab,المملكة العربية السعودية
arab,الأردن
arab,المملكة العربية السعودية
arab,المملكة العربية السعودية
arab,الجزائر
arab,العراق
arab,المملكة العربية السعودية
arab,العراق
arab,الإمارات العربية المتحدة
arab,موريتانيا
arab,المغرب
arab,المملكة العربية السعودية
arab,المملكة العربية السعودية
arab,مصر
arab,السودان
arab,الإمارات العربية المتحدة
arab,الكويت
arab,الأردن
arab,المغرب
arab,العراق
arab,المغرب
arab,المملكة العربية السعودية
arab,مصر
arab,سوريا
arab,مصر
arab,العراق
arab,ليبيا
arab,فلسطين
arab,المملكة العربية السعودية
arab,المغرب
arab,السودان
arab,المملكة العربية السعودية
arab,المملكة العربية السعودية
arab,المملكة العربية السعودية
arab,المغرب
arab,الأردن
arab,المملكة العربية السعودية
arab,تونس
arab,المملكة العربية السعودية
arab,العراق
arab,الأردن
arab,العراق
arab,سوريا
arab,فلسطين
arab,المملكة العربية السعودية
arab,البحرين
arab,المملكة العربية السعودية
arab,البحرين
arab,مصر
arab,المغرب
arab,تونس
arab,الجزائر
arab,المملكة العربية السعودية
arab,اليمن
arab,ليبيا
arab,تونس
arab,المملكة العربية السعودية
arab,الجزائر
arab,مصر
arab,العراق
arab,اليمن
arab,السودان
arab,البحرين
arab,تونس
arab,مصر
arab,العراق
arab,مصر
arab,العراق
arab,سوريا
arab,فلسطين
arab,العراق
arab,المغرب
arab,فلسطين
arab,لبنان
arab,سوريا
arab,العراق
arab,موريتانيا
arab,المملكة العربية السعودية
arab,السودان
arab,المملكة العربية السعودية
arab,الجزائر
arab,المملكة العربية السعودية
arab,قطر
arab,المغرب
arab,موريتانيا
arab,الصومال
arab,المغرب
arab,اليمن
arab,ليبيا
arab,مصر
arab,سوريا
arab,الأردن
arab,عمان
arab,العراق
arab,مصر
arab,سوريا
arab,مصر
arab,عمان
arab,العراق
arab,جيبوتي
arab,فلسطين
arab,سوريا
arab,المغرب
arab,مصر
arab,جيبوتي
arab,مصر
arab,موريتانيا
arab,سوريا
arab,المغرب
arab,فلسطين
arab,الإمارات العربية المتحدة
arab,السودان
arab,السودان
arab,العراق
arab,جيبوتي
arab,موريتانيا
arab,الجزائر
arab,موريتانيا
arab,الجزائر
arab,اليمن
arab,فلسطين
arab,جيبوتي
arab,الجزائر
arab,عمان
arab,المملكة العربية السعودية
arab,الجزائر
arab,الصومال
arab,الجزائر
arab,الجزائر
arab,الصومال
arab,المغرب
arab,عمان
arab,المغرب
arab,المملكة العربية السعودية
arab,الجزائر
arab,الجزائر
arab,الجزائر
arab,لبنان
arab,لبنان
arab,العراق
arab,المملكة العربية السعودية
arab,مصر
arab,المملكة العربية السعودية
arab,العراق
arab,الصومال
arab,تونس
arab,لبنان
arab,المغرب
arab,تونس
arab,ليبيا
arab,مصر
arab,مصر
arab,المغرب
arab,ليبيا
arab,عمان
arab,الجزائر
arab,موريتانيا
arab,مصر
arab,السودان
arab,الصومال
arab,موريتانيا
arab,موريتانيا
arab,اليمن
arab,فلسطين
arab,فلسطين
arab,فلسطين
arab,العراق
arab,لبنان
arab,المملكة العربية السعودية
arab,فلسطين
arab,جيبوتي
arab,المملكة العربية السعودية
arab,المغرب
arab,المغرب
arab,الجزائر
arab,المملكة العربية السعودية
arab,موريتانيا
arab,سوريا
arab,ليبيا
arab,المغرب
arab,المغرب
arab,اليمن
arab,الجزائر
arab,العراق
arab,العراق
arab,العراق
arab,الجزائر
arab,موريتانيا
arab,المملكة العربية السعودية
arab,المغرب
arab,تونس
arab,الجزائر
arab,المغرب
arab,المملكة العربية السعودية
arab,المملكة العربية السعودية
arab,المملكة العربية السعودية
arab,المملكة العربية السعودية
arab,الصومال
arab,المملكة العربية السعودية
arab,الصومال
arab,فلسطين
arab,سوريا
arab,فلسطين
arab,الأردن
arab,البحرين
arab,المملكة العربية السعودية
arab,مصر
arab,المغرب
arab,الأردن
arab,الإمارات العربية المتحدة
arab,لبنان
arab,اليمن
arab,المملكة العربية السعودية
arab,جيبوتي
arab,الصومال
arab,فلسطين
arab,السودان
arab,لبنان
arab,جيبوتي
arab,الجزائر
arab,المملكة العربية السعودية
arab,اليمن
arab,العراق
arab,المملكة العربية السعودية
arab,المملكة العربية السعودية
arab,سوريا
arab,لبنان
arab,العراق
arab,السودان
arab,سوريا
arab,سوريا
arab,المملكة العربية السعودية
arab,فلسطين
arab,سوريا
arab,فلسطين
arab,العراق
arab,الأردن
arab,المغرب
arab,عمان
arab,المملكة العربية السعودية
arab,المملكة العربية السعودية
arab,الجزائر
arab,المغرب
arab,جيبوتي
arab,الإمارات العربية المتحدة
arab,سوريا
arab,الإمارات العربية المتحدة
arab,الإمارات العربية المتحدة
arab,قطر
arab,جيبوتي
arab,سوريا
arab,ليبيا
arab,مصر
arab,سوريا
arab,مصر
arab,مصر
arab,المملكة العربية السعودية
arab,العراق
arab,جيبوتي
arab,سوريا
arab,المملكة العربية السعودية
arab,فلسطين
arab,سوريا
arab,لبنان
arab,اليمن
arab,اليمن
arab,المملكة العربية السعودية
arab,فلسطين
arab,الإمارات العربية المتحدة
arab,المملكة العربية السعودية
arab,قطر
arab,السودان
arab,اليمن
arab,فلسطين
arab,المملكة العربية السعودية
arab,جيبوتي
arab,موريتانيا
arab,قطر
arab,عمان
arab,العراق
arab,اليمن
arab,لبنان
arab,المملكة العربية السعودية
arab,ليبيا
arab,ليبيا
arab,العراق
arab,ليبيا
arab,البحرين
arab,الأردن
arab,اليمن
arab,فلسطين
arab,ليبيا
arab,المغرب
arab,الجزائر
arab,الجزائر
arab,المملكة العربية السعودية
arab,الجزائر
arab,فلسطين
arab,سوريا
arab,عمان
arab,السودان
arab,السودان
arab,تونس
arab,الجزائر
arab,مصر
arab,اليمن
arab,الجزائر
arab,المغرب
arab,المغرب
arab,موريتانيا
arab,المملكة العربية السعودية
arab,مصر
arab,مصر
arab,المملكة العربية السعودية
arab,فلسطين
arab,المملكة العربية السعودية
arab,الجزائر
arab,لبنان
arab,عمان
arab,السودان
arab,المملكة العربية السعودية
arab,ليبيا
arab,عمان
arab,عمان
arab,ليبيا
arab,تونس
arab,المغرب
arab,المملكة العربية السعودية
arab,عمان
arab,اليمن
arab,لبنان
arab,عمان
arab,لبنان
arab,الإمارات العربية المتحدة
arab,المملكة العربية السعودية
arab,المملكة العربية السعودية
arab,المغرب
arab,ليبيا
arab,لبنان
arab,ليبيا
arab,سوريا
arab,فلسطين
arab,المغرب
arab,مصر
arab,فلسطين
arab,فلسطين
arab,البحرين
arab,عمان
arab,الأردن
arab,الإمارات العربية المتحدة
arab,موريتانيا
arab,اليمن
arab,المملكة العربية السعودية
arab,مصر
arab,السودان
arab,سوريا
arab,العراق
arab,المملكة العربية السعودية
arab,العراق
arab,فلسطين
arab,جيبوتي
arab,الأردن
arab,اليمن
arab,الجزائر
arab,المملكة العربية السعودية
arab,الجزائر
arab,سوريا
arab,الجزائر
arab,الصومال
arab,الجزائر
arab,ليبيا
arab,فلسطين
arab,الجزائر
arab,الإمارات العربية المتحدة
arab,المغرب
arab,المملكة العربية السعودية
arab,تونس
arab,الجزائر
arab,عمان
arab,الكويت
arab,البحرين
arab,تونس
arab,المغرب
arab,فلسطين
arab,مصر
arab,مصر
arab,الجزائر
arab,السودان
arab,العراق
arab,العراق
arab,موريتانيا
arab,السودان
arab,الصومال
arab,مصر
arab,مصر
arab,فلسطين
arab,فلسطين
arab,لبنان
arab,الأردن
arab,المغرب
arab,السودان
arab,موريتانيا
arab,موريتانيا
arab,اليمن
arab,الصومال
arab,قطر
arab,المملكة العربية السعودية
arab,الإمارات العربية المتحدة
arab,الأردن
arab,موريتانيا
arab,عمان
arab,تونس
arab,الكويت
arab,العراق
arab,الكويت
arab,المملكة العربية السعودية
arab,البحرين
arab,مصر
arab,البحرين
arab,المغرب
arab,ليبيا
arab,مصر
arab,الجزائر
arab,الجزائر
arab,عمان
arab,قطر
arab,ليبيا
arab,عمان
arab,عمان
arab,سوريا
arab,الصومال
arab,موريتانيا
arab,المملكة العربية السعودية
arab,المغرب
arab,السودان
arab,مصر
arab,سوريا
arab,عمان
arab,مصر
arab,تونس
arab,فلسطين
arab,ليبيا
arab,المملكة العربية السعودية
arab,عمان
arab,موريتانيا
arab,سوريا
arab,السودان
arab,الصومال
arab,جيبوتي
arab,العراق
arab,المملكة العربية السعودية
arab,السودان
arab,المغرب
arab,السودان
arab,المغرب
arab,السودان
arab,المغرب
arab,الجزائر
arab,المغرب
arab,موريتانيا
arab,الجزائر
arab,فلسطين
arab,السودان
arab,اليمن
arab,ليبيا
arab,المملكة العربية السعودية
arab,جيبوتي
arab,السودان
arab,ابراء
arab,ابها
arab,أبو ظبي
arab,ازويرات
arab,اكجوجت
arab,الإسكندرية
arab,الإسماعيلية
arab,الأبيض
arab,الأزرق
arab,الأغواط
arab,الأقصر
arab,الباب
arab,الباحة
arab,البتراء
arab,البديع
arab,البريمي
arab,البصرة
arab,البغدادي
arab,البليدة
arab,البيرة
arab,البيضاء
arab,البيضاء
arab,التاجي
arab,التل
arab,الثورة
arab,الجبيل
arab,الجديدة
arab,الجزائر
arab,الجش
arab,الجفر
arab,الجلفة
arab,الجنينة
arab,الجوف
arab,الجوف
arab,الجيزة
arab,الحجرة
arab,الحديدة
arab,الحريق
arab,الحسكة
arab,الحسيمة
arab,الحلة
arab,الحمرا
arab,الحوامدية
arab,الخبر
arab,الخرج
arab,الخرطوم
arab,الخروب
arab,الخليل
arab,الخمس
arab,الخميسات
arab,الدار البيضاء
arab,الدامر
arab,الدامور
arab,الدرعية
arab,الدقم
arab,الدمازين
arab,الدمام
arab,الدوادمي
arab,الدوحة
arab,الدور
arab,الدويم
arab,الديوانية
arab,الراشيدية
arab,الرباط
arab,الرس
arab,الرستاق
arab,الرستن
arab,الرطبة
arab,الرفاع الغربي
arab,الرقة
arab,الرمادي
arab,الرمثا
arab,الرملة
arab,الرميلة
arab,الرويس
arab,الرياض
arab,الزاوية
arab,الزرقاء
arab,الزقازيق
arab,الزيمة
arab,السبت اولاد النمة
arab,السفيرة
arab,السلط
arab,السليل
arab,السليمانية
arab,السماوة
arab,السويداء
arab,السويس
arab,السويق
arab,السيب
arab,السيب
arab,الشارقة
arab,الشامية
arab,الشحر
arab,الشلف
arab,الشوف
arab,الصويرة
arab,الضعين
arab,الطائف
arab,الطريف
arab,الطينطان
arab,الظهران
arab,العرائش
arab,العريش
arab,العزيزية
arab,العضيلية
arab,العقبة
arab,العقير
arab,العلا
arab,العلمة
arab,العمارة
arab,العمران
arab,العوجا
arab,العين
arab,العيون
arab,العيون
arab,العيون
arab,العيينة
arab,الغردقة
arab,الفاشر
arab,الفجيرة
arab,الفحيحيل
arab,الفحيص
arab,الفقيه بنصالح
arab,الفلّوجة
arab,الفنيدق
arab,فيفاء
arab,الفيوم
arab,القامشلي
arab,القاهرة
arab,القائم
arab,القبة
arab,القدس
arab,القريات
arab,القصر الكبير
arab,القضارف
arab,القضيمة
arab,القطيف
arab,القنفذة
arab,القنيطرة
arab,القويسمة
arab,القويعية
arab,القيروان
arab,القيصومة
arab,الكاظمية
arab,الكرك
arab,الكوت
arab,اللاذقية
arab,اللد
arab,الليث
arab,المالكية
arab,المجمعة
arab,المحرق
arab,المحلة الكبرى
arab,المحمدية
arab,المحمدية
arab,المدية
arab,المدينة المنورة
arab,المراوعة
arab,المرج
arab,المرسى
arab,المزاحمية
arab,المسيلة
arab,المطرية
arab,المقدادية
arab,المكلا
arab,المناقل
arab,المنامة
arab,المـنسـتير
arab,المنصورة
arab,المنطقة الخضراء
arab,المنيا
arab,الموصل
arab,الميادين
arab,الناصرة
arab,الناصرية
arab,الناظور
arab,الناعورة
arab,النبطية
arab,النبك
arab,النجف
arab,النعمة
arab,النماص
arab,النهود
arab,الهفوف
arab,الوادي
arab,الوجه
arab,الوكرة
arab,اليوسفية
arab,انواديبو
arab,اوبيو
arab,اولاد التايمة
arab,إب
arab,إجدابيا
arab,إدفو
arab,إدلب
arab,إربد
arab,إزكي
arab,إسكندرية
arab,أبو كبير
arab,أبو كمال
arab,أخميم
arab,أدم
arab,أربيل
arab,أرتا
arab,أريحا
arab,أريحا
arab,أسفي
arab,أسوان
arab,أسيلا
arab,أسيوط
arab,أطار
arab,أعزاز
arab,أغادير
arab,أم الفحم
arab,أم القيوين
arab,أم درمان
arab,أم رواب
arab,أم قصر
arab,أوبوك
arab,آلاك
arab,باب الزوار
arab,بابابى
arab,باتنة
arab,باجل
arab,باقة الغربية
arab,بالهو
arab,بجاية
arab,بدبد
arab,بدر حنين
arab,براقي
arab,بربرة
arab,برج الكيفان
arab,برج بو عريريج
arab,برديرا
arab,برشيد
arab,بركاء
arab,بركان
arab,بريدة
arab,بريكة
arab,بسكرة
arab,بشار
arab,بعبدا
arab,بعلبك
arab,بغداد
arab,بقيق
arab,بلبيس
arab,بلجرشي
arab,بلد
arab,بليث وين
arab,بن عروس
arab,بنت جبيل
arab,بنجرير
arab,بنزرت
arab,بنغازي
arab,بنها
arab,بنى سويف
arab,بني ملال
arab,بني وليد
arab,بهلا
arab,بو سعادة
arab,بوتلميت
arab,بور سعيد
arab,بورتسودان
arab,بورو
arab,بوكادوم
arab,بوكى
arab,بيت الفقيه
arab,بيت حانون
arab,بيت لاهيا
arab,بيت لحم
arab,بيجي
arab,بيروت
arab,بيشة
arab,بئر السبع
arab,تاجورا
arab,تاروت
arab,تارودانت
arab,تازة
arab,تبسة
arab,تبوك
arab,تجكجة
arab,تدمر
arab,ترهونة
arab,تزنيت
arab,تطوان
arab,تعز
arab,تقورت
arab,تكريت
arab,تل كيف
arab,تلعفر
arab,تلمسان
arab,تنبدغة
arab,تنومة
arab,توريرت
arab,تونس
arab,تيارت
arab,تيفلت
arab,تيماء
arab,ثادق
arab,ثقبة
arab,ثول
arab,جاردو
arab,جازان
arab,جالكاسيو
arab,جباليا
arab,جبلة
arab,جت
arab,جحفية
arab,جد حفص
arab,جدة
arab,جرجا
arab,جرسيف
arab,جرش
arab,جزيرة الحمراء
arab,جزين
arab,جعار
arab,جلاجل
arab,جلافي
arab,جلب
arab,جنين
arab,جوبا
arab,جونية
arab,جيبوتي
arab,جيجل
arab,حائل
arab,حجة
arab,حديثة
arab,حفر الباطن
arab,حقل
arab,حلب
arab,حلبا
arab,حلبجة
arab,حلفا الجديدة
arab,حماة
arab,حمص
arab,حوطة بني تميم
arab,حيفا
arab,خان شيخون
arab,خان يونس
arab,خانقين
arab,خريبة السوق
arab,خريبكة
arab,خصب
arab,خفجي
arab,خميس مشيط
arab,خنشلة
arab,خنيفرة
arab,خور أنجار
arab,خور فكان
arab,داريا
arab,دبا
arab,دبى
arab,دخان
arab,دخيل
arab,درعا
arab,درنة
arab,دسوق
arab,دمشق
arab,دمنهور
arab,دمياط
arab,دهبان
arab,دهوك
arab,دورا
arab,دوما
arab,دومة الجندل
arab,دير البلح
arab,دير الزور
arab,دير القمر
arab,ذمار
arab,ذي سفال
arab,رابغ
arab,رام الله
arab,رأس الخيمة
arab,رأس تنورة
arab,رأس لفان
arab,ربك
arab,رداع
arab,رفح
arab,رفحا
arab,رندا
arab,روصو
arab,ريان
arab,ريسوت
arab,زاخو
arab,زبيد
arab,زحلة
arab,زلفي
arab,زليطن
arab,زوارة
arab,سامراء
arab,سبها
arab,سترة
arab,سحاب
arab,سحار
arab,سخنين
arab,سرت
arab,سطات
arab,سطيف
arab,سعيدة
arab,سكاكا
arab,سكيكدة
arab,سلفيت
arab,سلمية
arab,سمائل
arab,سنار
arab,سنجة
arab,سوسه
arab,سوق أهراس
arab,سوهاج
arab,سيان
arab,سيدي بلعباس
arab,سيدي سليمان
arab,سيدي قاسم
arab,سيلبابي
arab,سيهات
arab,شبرا الخيمة
arab,شبين الكوم
arab,شرورة
arab,شفاعمرو
arab,شقراء
arab,شلالة العذاورة
arab,شمسطار
arab,شناص
arab,شندي
arab,شيبه
arab,صبراتة
arab,صحار
arab,صحم
arab,صرمان
arab,صفاقس
arab,صفرو
arab,صفوى
arab,صلالة
arab,صنعاء
arab,صور
arab,صور
arab,صيدا
arab,صير بني ياس
arab,ضبا
arab,ضرما
arab,طانطان
arab,طبرق
arab,طرابلس
arab,طرابلس
arab,طرطوس
arab,طرعان
arab,طنجة
arab,طنطا
arab,طوباس
arab,طولكرم
arab,عالي
arab,عبري
arab,عجلون
arab,عجمان
arab,عدل بكرو
arab,عدن
arab,عرعر
arab,عشرة رمضان
arab,عطبرة
arab,عفرين
arab,عفك
arab,عفيف
arab,عقوبة
arab,عكا
arab,علي صبيح
arab,عمان
arab,عمران
arab,عنابة
arab,عنيزة
arab,عين البيضاء
arab,عين العرب
arab,عين وسارة
arab,غارو
arab,غرداية
arab,غريان
arab,غزة
arab,غليزان
arab,غليلة
arab,فاس
arab,فرسان
arab,قابس
arab,قالمة
arab,قريات
arab,قرية الجهراء
arab,قرية سار
arab,قصرين
arab,قلعة السراغنة
arab,قلقيلية
arab,قليوب
arab,قنا
arab,قنسطنطين
arab,كادوقلي
arab,كربلاء
arab,كركوك
arab,كرو
arab,كسلا
arab,كسماوي
arab,كفر الدوار
arab,كفر الشيخ
arab,كفر قاسم
arab,كفر كنا
arab,كفرشوبا
arab,كفرنجة
arab,كلميم
arab,كوستي
arab,كيفة
arab,كيهيدي
arab,لحج
arab,لوك
arab,لؤلؤة قطر
arab,ليلى
arab,ليوا
arab,مادبا
arab,مال
arab,مدحاء
arab,مدنين
arab,مدينة الحرير
arab,مدينة الصدر
arab,مدينة الكويت
arab,مدينة الملك عبد الله الإقتصادية
arab,مدينة حمد
arab,مدينة ستة أكتوبر
arab,مدينة عيسى
arab,مراكش
arab,مرزق
arab,مرسى مطروح
arab,مستغانم
arab,مسعد
arab,مسقط
arab,مسيعيد
arab,مصراتة
arab,مصيرة
arab,مطرح
arab,معرة النعمان
arab,مقديشو
arab,مقطع لحجار
arab,مكة المكرمة
arab,مكناس
arab,ملكال
arab,ملوى
arab,منبج
arab,منح
arab,ميت غمر
arab,نابل
arab,نابلس
arab,نالوت
arab,نجران
arab,نزوى
arab,نواكشوط
arab,نوى
arab,نيالا
arab,هرجيسة
arab,هولهول
arab,هيت
arab,وادي الدواسر
arab,وادي حلفا
arab,وادي زم
arab,واو
arab,وجدة
arab,ودمدني
arab,ورزازات
arab,ورقلة
arab,وزان
arab,ولاتة
arab,وهران
arab,يافا
arab,يامبيو
arab,يريم
arab,يفرن
arab,ينبع
arab,يوبوكي
arab,يي
